ภาค	จังหวัด	เขต	สาขา/หน่วยให้บริการ
ภาค 1	กรุงเทพฯ	0	สำนักพหลโยธิน
ภาค 1	กรุงเทพฯ	บางเขน	บางเขน
ภาค 1	กรุงเทพฯ	บางเขน	มหาวิทยาลัยเกษตรศาสตร์
ภาค 1	กรุงเทพฯ	บางเขน	จตุจักร
ภาค 1	กรุงเทพฯ	บางเขน	พงษ์เพชร
ภาค 1	กรุงเทพฯ	บางเขน	ประชาชื่น
ภาค 1	กรุงเทพฯ	บางเขน	เตาปูน
ภาค 1	กรุงเทพฯ	บางเขน	เอนเนอร์ยี่ คอมเพล็กซ์
ภาค 1	กรุงเทพฯ	บางเขน	มาร์เก็ต เพลส วงศ์สว่าง
ภาค 1	กรุงเทพฯ	บางเขน	เซ็นทรัล ลาดพร้าว
ภาค 1	กรุงเทพฯ	บางเขน	ประชานิเวศน์ 1
ภาค 1	กรุงเทพฯ	บางเขน	กรีนพลาซ่า (วังหิน)
ภาค 1	กรุงเทพฯ	บางเขน	อเวนิว รัชโยธิน
ภาค 1	กรุงเทพฯ	บางเขน	ตลาด อ.ต.ก. (จตุจักร)
ภาค 1	กรุงเทพฯ	ราชวัตร	ราชวัตร
ภาค 1	กรุงเทพฯ	ราชวัตร	ศรีย่าน
ภาค 1	กรุงเทพฯ	ราชวัตร	สวนจิตรลดา
ภาค 1	กรุงเทพฯ	ราชวัตร	มหานาค
ภาค 1	กรุงเทพฯ	ราชวัตร	นางเลิ้ง
ภาค 1	กรุงเทพฯ	ราชวัตร	ทำเนียบรัฐบาล
ภาค 1	กรุงเทพฯ	ราชวัตร	ถนนประดิพัทธ์
ภาค 1	กรุงเทพฯ	ราชวัตร	สุพรีม คอมเพล็กซ์ สามเสน
ภาค 1	กรุงเทพฯ	ราชวัตร	แยกพิชัย
ภาค 1	กรุงเทพฯ	สะพานใหม่	สะพานใหม่
ภาค 1	กรุงเทพฯ	สะพานใหม่	ดอนเมือง
ภาค 1	กรุงเทพฯ	สะพานใหม่	ตลาดวงศกร
ภาค 1	กรุงเทพฯ	สะพานใหม่	อนุสรณ์สถานแห่งชาติ
ภาค 1	กรุงเทพฯ	สะพานใหม่	ตลาดยิ่งเจริญ 
ภาค 1	กรุงเทพฯ	สะพานใหม่	ถนนสรงประภา
ภาค 1	กรุงเทพฯ	สะพานใหม่	ศูนย์ราชการเฉลิมพระเกียรติ แจ้งวัฒนะ (อาคาร B)
ภาค 1	กรุงเทพฯ	สะพานใหม่	ไอที สแควร์
ภาค 1	กรุงเทพฯ	สะพานใหม่	กรมการกงสุล
ภาค 1	กรุงเทพฯ	สะพานใหม่	บิ๊กซี แจ้งวัฒนะ 
ภาค 1	กรุงเทพฯ	สะพานใหม่	ศูนย์ราชการเฉลิมพระเกียรติ แจ้งวัฒนะ (อาคาร A)
ภาค 1	กรุงเทพฯ	สะพานใหม่	วัชรพล
ภาค 1	กรุงเทพฯ	สะพานใหม่	เดอะแจส รามอินทรา
ภาค 1	กรุงเทพฯ	ห้วยขวาง	ห้วยขวาง
ภาค 1	กรุงเทพฯ	ห้วยขวาง	ยุติธรรม
ภาค 1	กรุงเทพฯ	ห้วยขวาง	ชัยสมรภูมิ
ภาค 1	กรุงเทพฯ	ห้วยขวาง	ดินแดง
ภาค 1	กรุงเทพฯ	ห้วยขวาง	ลาดพร้าว
ภาค 1	กรุงเทพฯ	ห้วยขวาง	กระทรวงการคลัง
ภาค 1	กรุงเทพฯ	ห้วยขวาง	เอสพละนาด รัชดาภิเษก
ภาค 1	กรุงเทพฯ	ห้วยขวาง	อีสท์วอเตอร์
ภาค 1	กรุงเทพฯ	ห้วยขวาง	เซ็นทรัล พระราม 9
ภาค 1	กรุงเทพฯ	ห้วยขวาง	บิ๊กซี ลาดพร้าว 2
ภาค 2	กรุงเทพฯ	คลองจั่น	คลองจั่น
ภาค 2	กรุงเทพฯ	คลองจั่น	โชคชัย 4
ภาค 2	กรุงเทพฯ	คลองจั่น	รามอินทรา กม.7
ภาค 2	กรุงเทพฯ	คลองจั่น	เดอะมอลล์ บางกะปิ
ภาค 2	กรุงเทพฯ	คลองจั่น	เซ็นทรัล รามอินทรา
ภาค 2	กรุงเทพฯ	คลองจั่น	สัมมากร เพลส รามคำแหง 110
ภาค 2	กรุงเทพฯ	คลองจั่น	เดอะพาซิโอ ทาวน์
ภาค 2	กรุงเทพฯ	คลองจั่น	ลาดพร้าว 101
ภาค 2	กรุงเทพฯ	คลองจั่น	เซ็นทรัล อีสต์วิลล์
ภาค 2	กรุงเทพฯ	คลองจั่น	เดอะคริสตัล
ภาค 2	กรุงเทพฯ	มีนบุรี	หนองจอก
ภาค 2	กรุงเทพฯ	มีนบุรี	มีนบุรี
ภาค 2	กรุงเทพฯ	มีนบุรี	ลาดกระบัง
ภาค 2	กรุงเทพฯ	มีนบุรี	เดอะพรอมานาด
ภาค 2	กรุงเทพฯ	มีนบุรี	บิ๊กซี เคหะร่มเกล้า
ภาค 2	กรุงเทพฯ	มีนบุรี	บิ๊กซี หทัยราษฎร์
ภาค 2	กรุงเทพฯ	มีนบุรี	แฟชั่นไอส์แลนด์ 2
ภาค 2	กรุงเทพฯ	มีนบุรี	ไอเพลส นิคมอุตสาหกรรมลาดกระบัง
ภาค 2	กรุงเทพฯ	มีนบุรี	บิ๊กซี สุวินทวงศ์
ภาค 2	กรุงเทพฯ	ถนนเพชรบุรี	ถนนเพชรบุรี
ภาค 2	กรุงเทพฯ	ถนนเพชรบุรี	เจริญผล
ภาค 2	กรุงเทพฯ	ถนนเพชรบุรี	ป้อมปราบ
ภาค 2	กรุงเทพฯ	ถนนเพชรบุรี	อุรุพงษ์
ภาค 2	กรุงเทพฯ	ถนนเพชรบุรี	วรจักร
ภาค 2	กรุงเทพฯ	ถนนเพชรบุรี	จักรวรรดิ
ภาค 2	กรุงเทพฯ	ถนนเพชรบุรี	สยามพารากอน 
ภาค 2	กรุงเทพฯ	ถนนเพชรบุรี	ฟีนิกซ์ 
ภาค 2	กรุงเทพฯ	ถนนเพชรบุรี	มาบุญครอง
ภาค 2	กรุงเทพฯ	บางรัก	บางรัก
ภาค 2	กรุงเทพฯ	บางรัก	หัวลำโพง
ภาค 2	กรุงเทพฯ	บางรัก	สาทร
ภาค 2	กรุงเทพฯ	บางรัก	ถนนจันทน์
ภาค 2	กรุงเทพฯ	บางรัก	สีลม
ภาค 2	กรุงเทพฯ	บางรัก	เยาวราช
ภาค 2	กรุงเทพฯ	บางรัก	แอทสาทร 
ภาค 2	กรุงเทพฯ	พร้อมพงษ์	พร้อมพงษ์
ภาค 2	กรุงเทพฯ	พร้อมพงษ์	คลองเตย
ภาค 2	กรุงเทพฯ	พร้อมพงษ์	ราชประสงค์
ภาค 2	กรุงเทพฯ	พร้อมพงษ์	สามย่าน
ภาค 2	กรุงเทพฯ	พร้อมพงษ์	จามจุรีสแควร์
ภาค 2	กรุงเทพฯ	พร้อมพงษ์	ทองหล่อ
ภาค 2	กรุงเทพฯ	พร้อมพงษ์	เซ็นทรัลเวิลด์
ภาค 2	กรุงเทพฯ	พร้อมพงษ์	เกทเวย์ เอกมัย
ภาค 2	กรุงเทพฯ	พร้อมพงษ์	โลตัส พระราม 4
ภาค 2	กรุงเทพฯ	พระโขนง	พระโขนง
ภาค 2	กรุงเทพฯ	พระโขนง	คลองตัน
ภาค 2	กรุงเทพฯ	พระโขนง	รามคำแหง 2
ภาค 2	กรุงเทพฯ	พระโขนง	รามคำแหง
ภาค 2	กรุงเทพฯ	พระโขนง	บางนา
ภาค 2	กรุงเทพฯ	พระโขนง	หัวหมาก
ภาค 2	กรุงเทพฯ	พระโขนง	พาราไดซ์ พาร์ค
ภาค 2	กรุงเทพฯ	พระโขนง	ซีคอนสแควร์
ภาค 2	กรุงเทพฯ	พระโขนง	 ปตท.ประเวศ
ภาค 2	กรุงเทพฯ	พระโขนง	เดอะซีน ทาวน์ อิน ทาวน์
ภาค 2	กรุงเทพฯ	พระโขนง	เซ็นทรัล บางนา
ภาค 2	กรุงเทพฯ	พระโขนง	ไบเทค บางนา (เซ็นทรัล บางนา)
ภาค 2	กรุงเทพฯ	พระโขนง	เดอะไนน์ พระราม 9
ภาค 3	กรุงเทพฯ	บางคอแหลม	บางคอแหลม
ภาค 3	กรุงเทพฯ	บางคอแหลม	ทุ่งมหาเมฆ
ภาค 3	กรุงเทพฯ	บางคอแหลม	สาธุประดิษฐ์
ภาค 3	กรุงเทพฯ	บางคอแหลม	บางโพงพาง
ภาค 3	กรุงเทพฯ	ราษฎร์บูรณะ	ดาวคะนอง
ภาค 3	กรุงเทพฯ	บางคอแหลม	ทรี ออน ธรี
ภาค 3	กรุงเทพฯ	บางคอแหลม	เซ็นทรัล พระราม 3
ภาค 3	กรุงเทพฯ	บางคอแหลม	ศูนย์การค้ากรีนเพลส พลาซา
ภาค 3	กรุงเทพฯ	บางคอแหลม	เจริญกรุง 107 (แฉล้มนิมิตร)
ภาค 3	กรุงเทพฯ	บางแค	บางแค
ภาค 3	กรุงเทพฯ	บางแค	ตลิ่งชัน
ภาค 3	กรุงเทพฯ	ศิริราช	บางพลัด
ภาค 3	กรุงเทพฯ	บางแค	หมู่บ้านเศรษฐกิจ
ภาค 3	กรุงเทพฯ	บางแค	ขนส่งสายใต้
ภาค 3	กรุงเทพฯ	บางแค	เดอะมอลล์ บางแค
ภาค 3	กรุงเทพฯ	บางแค	สี่แยกทศกัณฐ์
ภาค 3	กรุงเทพฯ	บางแค	สวนผัก
ภาค 3	กรุงเทพฯ	บางแค	เดอะพาซิโอ พาร์ค กาญจนาภิเษก
ภาค 3	กรุงเทพฯ	บางแค	หนองแขม
ภาค 3	กรุงเทพฯ	บางแค	ซีคอน บางแค
ภาค 3	กรุงเทพฯ	ศิริราช	มหาดไทย
ภาค 3	กรุงเทพฯ	ศิริราช	หน้าพระลาน
ภาค 3	กรุงเทพฯ	ศิริราช	บางลำภูบน
ภาค 3	กรุงเทพฯ	ศิริราช	เทเวศร์
ภาค 3	กรุงเทพฯ	ศิริราช	ปากคลองตลาด
ภาค 3	กรุงเทพฯ	ราษฎร์บูรณะ	ราษฎร์บูรณะ
ภาค 3	กรุงเทพฯ	ราษฎร์บูรณะ	วงเวียนใหญ่
ภาค 3	กรุงเทพฯ	บางคอแหลม	สมเด็จเจ้าพระยา
ภาค 3	กรุงเทพฯ	บางคอแหลม	เจริญนคร
ภาค 3	กรุงเทพฯ	ราษฎร์บูรณะ	วัดไทร
ภาค 3	กรุงเทพฯ	ราษฎร์บูรณะ	พระราม 2 ซอย 64
ภาค 3	กรุงเทพฯ	ราษฎร์บูรณะ	ทุ่งครุ
ภาค 3	กรุงเทพฯ	ราษฎร์บูรณะ	ถนนบางขุนเทียน - ชายทะเล
ภาค 3	กรุงเทพฯ	ราษฎร์บูรณะ	บิ๊กซี พระราม 2
ภาค 3	กรุงเทพฯ	ราษฎร์บูรณะ	บิ๊กซี บางปะกอก
ภาค 3	กรุงเทพฯ	ราษฎร์บูรณะ	บางบอน (ตลาดปิ่นทอง)
ภาค 3	กรุงเทพฯ	ราษฎร์บูรณะ	เซ็นทรัล พระราม 2
ภาค 3	กรุงเทพฯ	บางคอแหลม	ไอคอนสยาม
ภาค 3	กรุงเทพฯ	ศิริราช	ศิริราช
ภาค 3	กรุงเทพฯ	บางแค	ตลาดพลู
ภาค 3	กรุงเทพฯ	บางแค	ท่าพระ
ภาค 3	กรุงเทพฯ	บางแค	จรัญสนิทวงศ์
ภาค 3	กรุงเทพฯ	ศิริราช	เจริญพาศน์
ภาค 3	กรุงเทพฯ	ศิริราช	เดอะมอลล์ ท่าพระ
ภาค 3	กรุงเทพฯ	ศิริราช	เซ็นทรัล ปิ่นเกล้า
ภาค 4	ประจวบคีรีขันธ์	ประจวบคีรีขันธ์	ประจวบคีรีขันธ์
ภาค 4	ประจวบคีรีขันธ์	ประจวบคีรีขันธ์	หัวหิน
ภาค 4	ประจวบคีรีขันธ์	ประจวบคีรีขันธ์	ทับสะแก
ภาค 4	ประจวบคีรีขันธ์	ประจวบคีรีขันธ์	ค่ายธนะรัชต์
ภาค 4	ประจวบคีรีขันธ์	ประจวบคีรีขันธ์	บางสะพาน
ภาค 4	ประจวบคีรีขันธ์	ประจวบคีรีขันธ์	ปราณบุรี
ภาค 4	ประจวบคีรีขันธ์	ประจวบคีรีขันธ์	กุยบุรี
ภาค 4	ประจวบคีรีขันธ์	ประจวบคีรีขันธ์	สามร้อยยอด
ภาค 4	ประจวบคีรีขันธ์	ประจวบคีรีขันธ์	ตลาดฉัตรไชย (หัวหิน)
ภาค 4	ประจวบคีรีขันธ์	ประจวบคีรีขันธ์	ปากน้ำปราณ
ภาค 4	ประจวบคีรีขันธ์	ประจวบคีรีขันธ์	บางสะพานน้อย
ภาค 4	เพชรบุรี	เพชรบุรี	เพชรบุรี
ภาค 4	เพชรบุรี	เพชรบุรี	ท่ายาง
ภาค 4	เพชรบุรี	เพชรบุรี	บ้านแหลม
ภาค 4	เพชรบุรี	เพชรบุรี	ชะอำ
ภาค 4	เพชรบุรี	เพชรบุรี	เขาย้อย
ภาค 4	เพชรบุรี	เพชรบุรี	สะพานจอมเกล้า
ภาค 4	เพชรบุรี	เพชรบุรี	หนองหญ้าปล้อง
ภาค 4	เพชรบุรี	เพชรบุรี	แก่งกระจาน
ภาค 4	เพชรบุรี	เพชรบุรี	บ้านลาด
ภาค 4	เพชรบุรี	เพชรบุรี	โรบินสัน เพชรบุรี
ภาค 4	เพชรบุรี	เพชรบุรี	มหาวิทยาลัยราชภัฎเพชรบุรี  (สะพานจอมเกล้า)
ภาค 4	ราชบุรี	ราชบุรี	ราชบุรี
ภาค 4	ราชบุรี	ราชบุรี	บ้านโป่ง
ภาค 4	ราชบุรี	ราชบุรี	โพธาราม
ภาค 4	ราชบุรี	ราชบุรี	ดำเนินสะดวก
ภาค 4	ราชบุรี	ราชบุรี	ปากท่อ
ภาค 4	ราชบุรี	ราชบุรี	จอมบึง
ภาค 4	ราชบุรี	ราชบุรี	บางแพ
ภาค 4	ราชบุรี	ราชบุรี	สวนผึ้ง
ภาค 4	ราชบุรี	ราชบุรี	ศรีสุริยวงศ์
ภาค 4	ราชบุรี	ราชบุรี	รอยัลพาร์ค
ภาค 4	ราชบุรี	ราชบุรี	บิ๊กซี บ้านโป่ง
ภาค 4	ราชบุรี	ราชบุรี	วัดเพลง
ภาค 4	สมุทรสาคร	สมุทรสาคร	สมุทรสาคร
ภาค 4	สมุทรสาคร	สมุทรสาคร	กระทุ่มแบน
ภาค 4	สมุทรสาคร	สมุทรสาคร	บ้านแพ้ว
ภาค 4	สมุทรสาคร	สมุทรสาคร	มหาชัย
ภาค 4	สมุทรสาคร	สมุทรสาคร	โพธิ์แจ้
ภาค 4	สมุทรสาคร	สมุทรสาคร	พันท้ายนรสิงห์
ภาค 4	สมุทรสาคร	สมุทรสาคร	ถนนเศรษฐกิจ 1
ภาค 4	สมุทรสาคร	สมุทรสาคร	เซ็นทรัล มหาชัย
ภาค 4	สมุทรสงคราม	สมุทรสาคร	สมุทรสงคราม
ภาค 4	สมุทรสงคราม	สมุทรสาคร	อัมพวา
ภาค 4	สมุทรสงคราม	สมุทรสาคร	บางคนที
ภาค 4	สมุทรสงคราม	สมุทรสาคร	เพชรสมุทร
ภาค 5	กาญจนบุรี	กาญจนบุรี	กาญจนบุรี
ภาค 5	กาญจนบุรี	กาญจนบุรี	ท่าม่วง
ภาค 5	กาญจนบุรี	กาญจนบุรี	ท่าเรือ (กาญจนบุรี)
ภาค 5	กาญจนบุรี	กาญจนบุรี	ท่ามะกา
ภาค 5	กาญจนบุรี	กาญจนบุรี	พนมทวน
ภาค 5	กาญจนบุรี	กาญจนบุรี	ลูกแก
ภาค 5	กาญจนบุรี	กาญจนบุรี	ทองผาภูมิ
ภาค 5	กาญจนบุรี	กาญจนบุรี	ลาดหญ้า
ภาค 5	กาญจนบุรี	กาญจนบุรี	บ่อพลอย
ภาค 5	กาญจนบุรี	กาญจนบุรี	ตลาดผาสุก
ภาค 5	กาญจนบุรี	กาญจนบุรี	ห้วยกระเจา
ภาค 5	กาญจนบุรี	กาญจนบุรี	ด่านมะขามเตี้ย
ภาค 5	นครปฐม	นครปฐม 	นครปฐม
ภาค 5	นครปฐม	นครปฐม 	บางเลน
ภาค 5	นครปฐม	นครปฐม 	กำแพงแสน
ภาค 5	นครปฐม	นครปฐม 	สนามจันทร์
ภาค 5	นครปฐม	นครปฐม 	ดอนตูม
ภาค 5	นครปฐม	นครปฐม 	เซ็นทรัล นครปฐม 
ภาค 5	นครปฐม	นครปฐม 	สามพราน
ภาค 5	นครปฐม	นครปฐม 	อ้อมใหญ่
ภาค 5	นครปฐม	นครปฐม 	นครชัยศรี
ภาค 5	นครปฐม	นครปฐม 	ศาลายา
ภาค 5	นครปฐม	นครปฐม 	บิ๊กซี อ้อมใหญ่
ภาค 5	นครปฐม	นครปฐม 	พุทธมณฑลสาย 4
ภาค 5	นครปฐม	นครปฐม 	ดอนหวาย
ภาค 5	นครปฐม	นครปฐม 	เซ็นทรัล ศาลายา
ภาค 5	นนทบุรี	นนทบุรี 1	ติวานนท์
ภาค 5	นนทบุรี	นนทบุรี 1	นนทบุรี
ภาค 5	นนทบุรี	นนทบุรี 1	ปากเกร็ด
ภาค 5	นนทบุรี	นนทบุรี 1	แคราย
ภาค 5	นนทบุรี	นนทบุรี 1	เดอะมอลล์ งามวงศ์วาน
ภาค 5	นนทบุรี	นนทบุรี 1	เซ็นทรัล แจ้งวัฒนะ
ภาค 5	นนทบุรี	นนทบุรี 1	เซ็นทรัล รัตนาธิเบศร์ 
ภาค 5	นนทบุรี	นนทบุรี 1	ท่าน้ำนนทบุรี
ภาค 5	นนทบุรี	นนทบุรี 1	เมืองทองธานี
ภาค 5	นนทบุรี	นนทบุรี 1	ตลาดรวมใจ (เมืองทองธานี)
ภาค 5	นนทบุรี	นนทบุรี 1	สัมมากร เพลส ราชพฤกษ์
ภาค 5	นนทบุรี	นนทบุรี 2	บางบัวทอง
ภาค 5	นนทบุรี	นนทบุรี 2	บางกรวย
ภาค 5	นนทบุรี	นนทบุรี 2	บางใหญ่
ภาค 5	นนทบุรี	นนทบุรี 2	ไทรใหญ่
ภาค 5	นนทบุรี	นนทบุรี 2	อินเด็กซ์ บางใหญ่
ภาค 5	นนทบุรี	นนทบุรี 2	การไฟฟ้าฝ่ายผลิตบางกรวย
ภาค 5	นนทบุรี	นนทบุรี 2	บัวทองสแควร์
ภาค 5	นนทบุรี	นนทบุรี 2	ไทรน้อย
ภาค 5	นนทบุรี	นนทบุรี 2	เซ็นทรัล เวสต์เกต
ภาค 5	นนทบุรี	นนทบุรี 2	เซ็นทรัล เวสต์วิลล์ 
ภาค 5	นนทบุรี	นนทบุรี 2	ตลาดเจ้าพระยา
ภาค 5	สุพรรณบุรี	สุพรรณบุรี	สุพรรณบุรี
ภาค 5	สุพรรณบุรี	สุพรรณบุรี	สองพี่น้อง
ภาค 5	สุพรรณบุรี	สุพรรณบุรี	สามชุก
ภาค 5	สุพรรณบุรี	สุพรรณบุรี	ศรีประจันต์
ภาค 5	สุพรรณบุรี	สุพรรณบุรี	เดิมบางนางบวช
ภาค 5	สุพรรณบุรี	สุพรรณบุรี	บางปลาม้า
ภาค 5	สุพรรณบุรี	สุพรรณบุรี	อู่ทอง
ภาค 5	สุพรรณบุรี	สุพรรณบุรี	ด่านช้าง
ภาค 5	สุพรรณบุรี	สุพรรณบุรี	ดอนเจดีย์
ภาค 5	สุพรรณบุรี	สุพรรณบุรี	หนองหญ้าไซ
ภาค 5	สุพรรณบุรี	สุพรรณบุรี	ถนนนางพิม
ภาค 5	สุพรรณบุรี	สุพรรณบุรี	โรบินสัน สุพรรณบุรี
ภาค 5	สุพรรณบุรี	สุพรรณบุรี	ทุ่งคอก
ภาค 6	นครสวรรค์	นครสวรรค์ 	นครสวรรค์
ภาค 6	นครสวรรค์	นครสวรรค์ 	พยุหะคีรี
ภาค 6	นครสวรรค์	นครสวรรค์ 	บรรพตพิสัย
ภาค 6	นครสวรรค์	นครสวรรค์ 	ลาดยาว
ภาค 6	นครสวรรค์	นครสวรรค์ 	สวรรค์วิถี
ภาค 6	นครสวรรค์	นครสวรรค์ 	โกรกพระ
ภาค 6	นครสวรรค์	นครสวรรค์ 	เซ็นทรัล นครสวรรค์ 
ภาค 6	นครสวรรค์	นครสวรรค์ 	หนองปลิง
ภาค 6	นครสวรรค์	นครสวรรค์ 	หนองเบน
ภาค 6	นครสวรรค์	นครสวรรค์ 	ชุมตาบง
ภาค 6	นครสวรรค์	นครสวรรค์ 	บิ๊กซี (วี - สแควร์) นครสวรรค์
ภาค 6	นครสวรรค์	นครสวรรค์ 	ชุมแสง
ภาค 6	นครสวรรค์	นครสวรรค์ 	ตาคลี
ภาค 6	นครสวรรค์	นครสวรรค์ 	ท่าตะโก
ภาค 6	นครสวรรค์	นครสวรรค์ 	ตากฟ้า
ภาค 6	นครสวรรค์	นครสวรรค์ 	หนองบัว
ภาค 6	นครสวรรค์	นครสวรรค์ 	ไพศาลี
ภาค 6	พิจิตร	พิจิตร	พิจิตร
ภาค 6	พิจิตร	พิจิตร	ตะพานหิน
ภาค 6	พิจิตร	พิจิตร	บางมูลนาก
ภาค 6	พิจิตร	พิจิตร	สามง่าม
ภาค 6	พิจิตร	พิจิตร	ราชรถ
ภาค 6	พิจิตร	พิจิตร	สากเหล็ก
ภาค 6	พิจิตร	พิจิตร	โพทะเล
ภาค 6	พิจิตร	พิจิตร	ทับคล้อ
ภาค 6	เพชรบูรณ์	เพชรบูรณ์	เพชรบูรณ์
ภาค 6	เพชรบูรณ์	เพชรบูรณ์	หล่มสัก
ภาค 6	เพชรบูรณ์	เพชรบูรณ์	หนองไผ่
ภาค 6	เพชรบูรณ์	เพชรบูรณ์	ซับสมอทอด
ภาค 6	เพชรบูรณ์	เพชรบูรณ์	หล่มเก่า
ภาค 6	เพชรบูรณ์	เพชรบูรณ์	วิเชียรบุรี
ภาค 6	เพชรบูรณ์	เพชรบูรณ์	ชนแดน
ภาค 6	เพชรบูรณ์	เพชรบูรณ์	ศรีเทพ
ภาค 6	เพชรบูรณ์	เพชรบูรณ์	โลตัส เพชรบูรณ์
ภาค 6	เพชรบูรณ์	เพชรบูรณ์	ตลาดท่าพล
ภาค 6	เพชรบูรณ์	เพชรบูรณ์	บิ๊กซี หล่มสัก
ภาค 6	เพชรบูรณ์	เพชรบูรณ์	วังโป่ง
ภาค 6	เพชรบูรณ์	เพชรบูรณ์	ตลาดพุเตย
ภาค 6	เพชรบูรณ์	เพชรบูรณ์	เขาค้อ
ภาค 6	ลพบุรี	ลพบุรี	ลพบุรี
ภาค 6	ลพบุรี	ลพบุรี	โคกกะเทียม
ภาค 6	ลพบุรี	ลพบุรี	โคกสำโรง
ภาค 6	ลพบุรี	ลพบุรี	บ้านหมี่
ภาค 6	ลพบุรี	ลพบุรี	พัฒนานิคม
ภาค 6	ลพบุรี	ลพบุรี	ลำนารายณ์
ภาค 6	ลพบุรี	ลพบุรี	วงเวียนสระแก้ว
ภาค 6	ลพบุรี	ลพบุรี	ท่าวุ้ง
ภาค 6	ลพบุรี	ลพบุรี	หนองม่วง
ภาค 6	ลพบุรี	ลพบุรี	โรบินสัน ลพบุรี
ภาค 6	ลพบุรี	ลพบุรี	บิ๊กซี ลพบุรี 1
ภาค 6	ชัยนาท	อุทัยธานี	ชัยนาท
ภาค 6	ชัยนาท	อุทัยธานี	มโนรมย์
ภาค 6	ชัยนาท	อุทัยธานี	วัดสิงห์
ภาค 6	ชัยนาท	อุทัยธานี	หันคา
ภาค 6	ชัยนาท	อุทัยธานี	สรรคบุรี
ภาค 6	ชัยนาท	อุทัยธานี	สรรพยา
ภาค 6	ชัยนาท	อุทัยธานี	สะพานใหม่ ชัยนาท
ภาค 6	อุทัยธานี	อุทัยธานี	อุทัยธานี
ภาค 6	อุทัยธานี	อุทัยธานี	หนองฉาง
ภาค 6	อุทัยธานี	อุทัยธานี	ลานสัก
ภาค 6	อุทัยธานี	อุทัยธานี	บ้านไร่
ภาค 7	กำแพงเพชร	กำแพงเพชร	กำแพงเพชร
ภาค 7	กำแพงเพชร	กำแพงเพชร	พรานกระต่าย
ภาค 7	กำแพงเพชร	กำแพงเพชร	สลกบาตร
ภาค 7	กำแพงเพชร	กำแพงเพชร	คลองขลุง
ภาค 7	กำแพงเพชร	กำแพงเพชร	นครชุม
ภาค 7	กำแพงเพชร	กำแพงเพชร	บิ๊กซี กำแพงเพชร
ภาค 7	กำแพงเพชร	กำแพงเพชร	ลานกระบือ
ภาค 7	กำแพงเพชร	กำแพงเพชร	ขาณุวรลักษบุรี
ภาค 7	กำแพงเพชร	กำแพงเพชร	คลองลาน
ภาค 7	ตาก	ตาก	ตาก
ภาค 7	ตาก	ตาก	แม่สอด
ภาค 7	ตาก	ตาก	แม่ระมาด
ภาค 7	ตาก	ตาก	พบพระ
ภาค 7	ตาก	ตาก	อุ้มผาง
ภาค 7	ตาก	ตาก	บ้านตาก
ภาค 7	ตาก	ตาก	บิ๊กซี ตาก
ภาค 7	ตาก	ตาก	ตลาดพาเจริญ
ภาค 7	ตาก	ตาก	ท่าสองยาง
ภาค 7	ตาก	ตาก	โรบินสัน แม่สอด
ภาค 7	พิษณุโลก	พิษณุโลก 1	พิษณุโลก
ภาค 7	พิษณุโลก	พิษณุโลก 1	นางพญา
ภาค 7	พิษณุโลก	พิษณุโลก 1	มิตรภาพ
ภาค 7	พิษณุโลก	พิษณุโลก 1	บางระกำ
ภาค 7	พิษณุโลก	พิษณุโลก 1	ท่ามะปราง
ภาค 7	พิษณุโลก	พิษณุโลก 1	บิ๊กซี พิษณุโลก
ภาค 7	พิษณุโลก	พิษณุโลก 1	ห้าแยกโคกมะตูม
ภาค 7	พิษณุโลก	พิษณุโลก 1	เซ็นทรัล พิษณุโลก
ภาค 7	พิษณุโลก	พิษณุโลก 1	โลตัส พิษณุโลก ท่าทอง
ภาค 7	พิษณุโลก	พิษณุโลก 2	บางกระทุ่ม
ภาค 7	พิษณุโลก	พิษณุโลก 2	พรหมพิราม
ภาค 7	พิษณุโลก	พิษณุโลก 2	วังทอง
ภาค 7	พิษณุโลก	พิษณุโลก 2	นครไทย
ภาค 7	พิษณุโลก	พิษณุโลก 2	ชาติตระการ
ภาค 7	พิษณุโลก	พิษณุโลก 2	วัดโบสถ์
ภาค 7	พิษณุโลก	พิษณุโลก 2	ทรัพย์ไพรวัลย์
ภาค 7	พิษณุโลก	พิษณุโลก 2	หนองตม
ภาค 7	พิษณุโลก	พิษณุโลก 2	เนินมะปราง
ภาค 7	สุโขทัย	สุโขทัย	สุโขทัย
ภาค 7	สุโขทัย	สุโขทัย	สวรรคโลก
ภาค 7	สุโขทัย	สุโขทัย	ศรีสำโรง
ภาค 7	สุโขทัย	สุโขทัย	ศรีสัชนาลัย
ภาค 7	สุโขทัย	สุโขทัย	ทุ่งเสลี่ยม
ภาค 7	สุโขทัย	สุโขทัย	กงไกรลาศ
ภาค 7	สุโขทัย	สุโขทัย	คีรีมาศ
ภาค 7	สุโขทัย	สุโขทัย	บ้านด่านลานหอย
ภาค 7	สุโขทัย	สุโขทัย	ศรีนคร
ภาค 7	สุโขทัย	สุโขทัย	บิ๊กซี สุโขทัย
ภาค 7	อุตรดิตถ์	อุตรดิตถ์	อุตรดิตถ์
ภาค 7	อุตรดิตถ์	อุตรดิตถ์	พิชัย
ภาค 7	อุตรดิตถ์	อุตรดิตถ์	ลับแล
ภาค 7	อุตรดิตถ์	อุตรดิตถ์	ตรอน
ภาค 7	อุตรดิตถ์	อุตรดิตถ์	คลองโพ
ภาค 7	อุตรดิตถ์	อุตรดิตถ์	น้ำปาด
ภาค 7	อุตรดิตถ์	อุตรดิตถ์	มุขศาลา
ภาค 7	อุตรดิตถ์	อุตรดิตถ์	ท่าปลา
ภาค 7	อุตรดิตถ์	อุตรดิตถ์	ทองแสนขัน
ภาค 7	อุตรดิตถ์	อุตรดิตถ์	ฟากท่า
ภาค 8	เชียงใหม่	เชียงใหม่ 1	เชียงใหม่
ภาค 8	เชียงใหม่	เชียงใหม่ 1	ประตูช้างเผือก
ภาค 8	เชียงใหม่	เชียงใหม่ 1	ท่าแพ
ภาค 8	เชียงใหม่	เชียงใหม่ 1	หนองหอย
ภาค 8	เชียงใหม่	เชียงใหม่ 1	ถนนทิพย์เนตร
ภาค 8	เชียงใหม่	เชียงใหม่ 1	เซ็นทรัล เชียงใหม่ แอร์พอร์ต 
ภาค 8	เชียงใหม่	เชียงใหม่ 1	ช้างคลาน
ภาค 8	เชียงใหม่	เชียงใหม่ 1	บิ๊กซี เชียงใหม่ (ดอนจั่น)
ภาค 8	เชียงใหม่	เชียงใหม่ 1	เซ็นทรัล เชียงใหม่
ภาค 8	เชียงใหม่	เชียงใหม่ 1	โลตัส คำเที่ยง
ภาค 8	เชียงใหม่	เชียงใหม่ 1	เม - ญ่า เชียงใหม่
ภาค 8	เชียงใหม่	เชียงใหม่ 1	ถนนห้วยแก้ว (เม - ญ่า เชียงใหม่)
ภาค 8	เชียงใหม่	เชียงใหม่ 1	สามแยกสันทราย
ภาค 8	เชียงใหม่	เชียงใหม่ 2	มหาวิทยาลัยเชียงใหม่
ภาค 8	เชียงใหม่	เชียงใหม่ 2	สันทราย
ภาค 8	เชียงใหม่	เชียงใหม่ 2	ดอยสะเก็ด
ภาค 8	เชียงใหม่	เชียงใหม่ 2	ฝาง
ภาค 8	เชียงใหม่	เชียงใหม่ 2	แม่ริม
ภาค 8	เชียงใหม่	เชียงใหม่ 2	แม่แตง
ภาค 8	เชียงใหม่	เชียงใหม่ 2	เชียงดาว
ภาค 8	เชียงใหม่	เชียงใหม่ 2	ไชยปราการ
ภาค 8	เชียงใหม่	เชียงใหม่ 2	พร้าว
ภาค 8	เชียงใหม่	เชียงใหม่ 2	แม่อาย
ภาค 8	เชียงใหม่	เชียงใหม่ 2	เวียงแหง
ภาค 8	เชียงใหม่	เชียงใหม่ 2	แม่โจ้
ภาค 8	เชียงใหม่	เชียงใหม่ 2	มีโชคพลาซ่า
ภาค 8	เชียงใหม่	เชียงใหม่ 3	สันป่าตอง
ภาค 8	เชียงใหม่	เชียงใหม่ 3	สารภี
ภาค 8	เชียงใหม่	เชียงใหม่ 3	จอมทอง
ภาค 8	เชียงใหม่	เชียงใหม่ 3	หางดง
ภาค 8	เชียงใหม่	เชียงใหม่ 3	ฮอด
ภาค 8	เชียงใหม่	เชียงใหม่ 3	อมก๋อย
ภาค 8	เชียงใหม่	เชียงใหม่ 3	ดอยเต่า
ภาค 8	เชียงใหม่	เชียงใหม่ 3	บิ๊กซี หางดง 
ภาค 8	เชียงใหม่	เชียงใหม่ 3	แม่แจ่ม
ภาค 8	เชียงใหม่	เชียงใหม่ 3	แม่วาง
ภาค 8	เชียงใหม่	เชียงใหม่ 3	สันกำแพง
ภาค 8	เชียงใหม่	เชียงใหม่ 3	บวกครกหลวง
ภาค 8	เชียงใหม่	เชียงใหม่ 3	บ่อสร้าง
ภาค 8	ลำพูน	ลำพูน	ลำพูน
ภาค 8	ลำพูน	ลำพูน	ป่าซาง
ภาค 8	ลำพูน	ลำพูน	ลี้
ภาค 8	ลำพูน	ลำพูน	นิคมอุตสาหกรรมลำพูน
ภาค 8	ลำพูน	ลำพูน	บ้านโฮ่ง
ภาค 8	แม่ฮ่องสอน	ลำพูน	แม่สะเรียง
ภาค 8	แม่ฮ่องสอน	ลำพูน	แม่ฮ่องสอน
ภาค 8	แม่ฮ่องสอน	ลำพูน	ปาย
ภาค 8	แม่ฮ่องสอน	ลำพูน	แม่ลาน้อย
ภาค 8	แม่ฮ่องสอน	ลำพูน	ขุนยวม
ภาค 8	ลำพูน	ลำพูน	กาดลำพูนจตุจักร
ภาค 8	ลำพูน	ลำพูน	บิ๊กซี ลำพูน
ภาค 8	เชียงใหม่	เชียงใหม่ 2	สะเมิง 
ภาค 9	เชียงราย	เชียงราย	เชียงราย
ภาค 9	เชียงราย	เชียงราย	พาน
ภาค 9	เชียงราย	เชียงราย	แม่จัน
ภาค 9	เชียงราย	เชียงราย	แม่สาย
ภาค 9	เชียงราย	เชียงราย	เชียงของ
ภาค 9	เชียงราย	เชียงราย	เวียงป่าเป้า
ภาค 9	เชียงราย	เชียงราย	เทิง
ภาค 9	เชียงราย	เชียงราย	เชียงแสน
ภาค 9	เชียงราย	เชียงราย	กลางเวียง
ภาค 9	เชียงราย	เชียงราย	มหาวิทยาลัยแม่ฟ้าหลวง
ภาค 9	เชียงราย	เชียงราย	เซ็นทรัล เชียงราย
ภาค 9	เชียงราย	เชียงราย	เวียงเชียงรุ้ง
ภาค 9	เชียงราย	เชียงราย	แม่สรวย
ภาค 9	เชียงราย	เชียงราย	บ้านดู่
ภาค 9	เชียงราย	เชียงราย	ขุนตาล
ภาค 9	เชียงราย	เชียงราย	แม่ขะจาน
ภาค 9	เชียงราย	เชียงราย	ร่องขุ่น
ภาค 9	น่าน	น่าน	น่าน
ภาค 9	น่าน	น่าน	เวียงสา
ภาค 9	น่าน	น่าน	ปัว
ภาค 9	น่าน	น่าน	นาน้อย
ภาค 9	น่าน	น่าน	ท่าวังผา
ภาค 9	น่าน	น่าน	แม่จริม
ภาค 9	น่าน	น่าน	ห้างนราไฮเปอร์มาร์ท
ภาค 9	น่าน	น่าน	เชียงกลาง
ภาค 9	น่าน	น่าน	ทุ่งช้าง
ภาค 9	น่าน	น่าน	สองแคว
ภาค 9	น่าน	น่าน	เฉลิมพระเกียรติ
ภาค 9	พะเยา	พะเยา	พะเยา
ภาค 9	พะเยา	พะเยา	เชียงคำ
ภาค 9	พะเยา	พะเยา	จุน
ภาค 9	พะเยา	พะเยา	ปง
ภาค 9	พะเยา	พะเยา	ดอกคำใต้
ภาค 9	พะเยา	พะเยา	มหาวิทยาลัยพะเยา
ภาค 9	พะเยา	พะเยา	แม่ใจ
ภาค 9	พะเยา	พะเยา	ท็อปส์ พลาซ่า พะเยา
ภาค 9	แพร่	แพร่	แพร่
ภาค 9	แพร่	แพร่	เด่นชัย
ภาค 9	แพร่	แพร่	สอง
ภาค 9	แพร่	แพร่	ร้องกวาง
ภาค 9	แพร่	แพร่	สูงเม่น
ภาค 9	แพร่	แพร่	กาดน้ำทอง แพร่
ภาค 9	แพร่	แพร่	ลอง
ภาค 9	แพร่	แพร่	ทุ่งโฮ้ง
ภาค 9	แพร่	แพร่	วังชิ้น
ภาค 9	ลำปาง	ลำปาง 	ลำปาง
ภาค 9	ลำปาง	ลำปาง 	สบตุ๋ย
ภาค 9	ลำปาง	ลำปาง 	แจ้ห่ม
ภาค 9	ลำปาง	ลำปาง 	วังเหนือ
ภาค 9	ลำปาง	ลำปาง 	บิ๊กซี ลำปาง
ภาค 9	ลำปาง	ลำปาง 	เซ็นทรัล ลำปาง
ภาค 9	ลำปาง	ลำปาง 	น้ำโท้ง
ภาค 9	ลำปาง	ลำปาง 	เกาะคา
ภาค 9	ลำปาง	ลำปาง 	งาว
ภาค 9	ลำปาง	ลำปาง 	เถิน
ภาค 9	ลำปาง	ลำปาง 	ห้างฉัตร
ภาค 9	ลำปาง	ลำปาง 	แม่ทะ
ภาค 9	ลำปาง	ลำปาง 	แม่เมาะ
ภาค 10	นครพนม	นครพนม	นครพนม
ภาค 10	นครพนม	นครพนม	ธาตุพนม
ภาค 10	นครพนม	นครพนม	ท่าอุเทน
ภาค 10	นครพนม	นครพนม	นาแก
ภาค 10	นครพนม	นครพนม	บ้านแพง
ภาค 10	นครพนม	นครพนม	ศรีสงคราม
ภาค 10	นครพนม	นครพนม	เรณูนคร
ภาค 10	นครพนม	นครพนม	นาหว้า
ภาค 10	นครพนม	นครพนม	โพนสวรรค์
ภาค 10	นครพนม	นครพนม	ปลาปาก
ภาค 10	เลย 	เลย	เลย
ภาค 10	เลย 	เลย	เชียงคาน
ภาค 10	เลย 	เลย	ปากชม
ภาค 10	เลย 	เลย	ด่านซ้าย
ภาค 10	เลย 	เลย	ภูกระดึง
ภาค 10	เลย 	เลย	ภูเรือ
ภาค 10	เลย 	เลย	ท่าลี่
ภาค 10	เลย 	เลย	นาอาน
ภาค 10	เลย 	เลย	วังสะพุง
ภาค 10	หนองบัวลำภู	หนองบัวลำภู	หนองบัวลำภู
ภาค 10	หนองบัวลำภู	หนองบัวลำภู	ศรีบุญเรือง
ภาค 10	หนองบัวลำภู	หนองบัวลำภู	โนนสัง
ภาค 10	หนองบัวลำภู	หนองบัวลำภู	นากลาง
ภาค 10	หนองบัวลำภู	หนองบัวลำภู	สุวรรณคูหา
ภาค 10	หนองบัวลำภู	หนองบัวลำภู	นาวัง
ภาค 10	สกลนคร	สกลนคร	สกลนคร
ภาค 10	สกลนคร	สกลนคร	สว่างแดนดิน
ภาค 10	สกลนคร	สกลนคร	วานรนิวาส
ภาค 10	สกลนคร	สกลนคร	พังโคน
ภาค 10	สกลนคร	สกลนคร	ถนนประชาราษฎร์
ภาค 10	สกลนคร	สกลนคร	กุสุมาลย์
ภาค 10	สกลนคร	สกลนคร	บ้านม่วง
ภาค 10	สกลนคร	สกลนคร	คำตากล้า
ภาค 10	สกลนคร	สกลนคร	อากาศอำนวย
ภาค 10	สกลนคร	สกลนคร	โรบินสัน สกลนคร
ภาค 10	หนองคาย	หนองคาย	หนองคาย
ภาค 10	หนองคาย	หนองคาย	ท่าบ่อ
ภาค 10	หนองคาย	หนองคาย	โพนพิสัย
ภาค 10	หนองคาย	หนองคาย	ศรีเชียงใหม่
ภาค 10	หนองคาย	หนองคาย	อัศวรรณ ช้อปปิ้ง คอมเพล็กซ์ หนองคาย
ภาค 10	หนองคาย	หนองคาย	สังคม
ภาค 10	บึงกาฬ	บึงกาฬ	บึงกาฬ
ภาค 10	บึงกาฬ	บึงกาฬ	พรเจริญ
ภาค 10	บึงกาฬ	บึงกาฬ	ปากคาด
ภาค 10	บึงกาฬ	บึงกาฬ	เซกา
ภาค 10	บึงกาฬ	บึงกาฬ	โซ่พิสัย
ภาค 10	อุดรธานี	อุดรธานี 1	อุดรธานี
ภาค 10	อุดรธานี	อุดรธานี 1	บ้านผือ
ภาค 10	อุดรธานี	อุดรธานี 1	น้ำโสม
ภาค 10	อุดรธานี	อุดรธานี 1	ประชารักษา
ภาค 10	อุดรธานี	อุดรธานี 1	บงคำ
ภาค 10	อุดรธานี	อุดรธานี 1	โลตัส นาดี อุดรธานี
ภาค 10	อุดรธานี	อุดรธานี 1	ตลาดอุดรเมืองทองเจริญศรี
ภาค 10	อุดรธานี	อุดรธานี 1	กุดจับ
ภาค 10	อุดรธานี	อุดรธานี 1	เซ็นทรัล อุดรธานี
ภาค 10	อุดรธานี	อุดรธานี 1	ยูดี ทาวน์ อุดรธานี
ภาค 10	อุดรธานี	อุดรธานี 2	กุมภวาปี
ภาค 10	อุดรธานี	อุดรธานี 2	หนองหาน
ภาค 10	อุดรธานี	อุดรธานี 2	เพ็ญ
ภาค 10	อุดรธานี	อุดรธานี 2	บ้านดุง
ภาค 10	อุดรธานี	อุดรธานี 2	โนนสะอาด
ภาค 10	อุดรธานี	อุดรธานี 2	วังสามหมอ
ภาค 10	อุดรธานี	อุดรธานี 2	ศรีธาตุ
ภาค 11	กาฬสินธุ์	กาฬสินธุ์	กาฬสินธุ์
ภาค 11	กาฬสินธุ์	กาฬสินธุ์	สมเด็จ
ภาค 11	กาฬสินธุ์	กาฬสินธุ์	กมลาไสย
ภาค 11	กาฬสินธุ์	กาฬสินธุ์	ถีนานนท์
ภาค 11	กาฬสินธุ์	กาฬสินธุ์	ยางตลาด
ภาค 11	กาฬสินธุ์	กาฬสินธุ์	โลตัส กาฬสินธุ์
ภาค 11	กาฬสินธุ์	กาฬสินธุ์	คำม่วง
ภาค 11	กาฬสินธุ์	กาฬสินธุ์	ท่าคันโท
ภาค 11	กาฬสินธุ์	กาฬสินธุ์	เขาวง
ภาค 11	กาฬสินธุ์	กาฬสินธุ์	หนองกุงศรี
ภาค 11	กาฬสินธุ์	กาฬสินธุ์	สหัสขันธ์
ภาค 11	กาฬสินธุ์	กาฬสินธุ์	กุฉินารายณ์
ภาค 11	มุกดาหาร	มุกดาหาร	มุกดาหาร
ภาค 11	มุกดาหาร	มุกดาหาร	ดอนตาล
ภาค 11	มุกดาหาร	มุกดาหาร	คำชะอี
ภาค 11	มุกดาหาร	มุกดาหาร	ตลาดพรเพชร
ภาค 11	มุกดาหาร	มุกดาหาร	นิคมคำสร้อย
ภาค 11	มุกดาหาร	มุกดาหาร	บิ๊กซี มุกดาหาร
ภาค 11	ขอนแก่น	ขอนแก่น 1	ขอนแก่น
ภาค 11	ขอนแก่น	ขอนแก่น 1	บ้านไผ่
ภาค 11	ขอนแก่น	ขอนแก่น 1	น้ำพอง
ภาค 11	ขอนแก่น	ขอนแก่น 1	มะลิวัลย์
ภาค 11	ขอนแก่น	ขอนแก่น 1	กระนวน
ภาค 11	ขอนแก่น	ขอนแก่น 1	ศรีจันทร์
ภาค 11	ขอนแก่น	ขอนแก่น 1	ศูนย์ราชการ
ภาค 11	ขอนแก่น	ขอนแก่น 1	อุบลรัตน์
ภาค 11	ขอนแก่น	ขอนแก่น 1	เซ็นทรัล ขอนแก่น
ภาค 11	ขอนแก่น	ขอนแก่น 1	ประตูน้ำขอนแก่น
ภาค 11	ขอนแก่น	ขอนแก่น 1	เขาสวนกวาง
ภาค 11	ขอนแก่น	ขอนแก่น 2	พล
ภาค 11	ขอนแก่น	ขอนแก่น 2	ชุมแพ
ภาค 11	ขอนแก่น	ขอนแก่น 2	มัญจาคีรี
ภาค 11	ขอนแก่น	ขอนแก่น 2	ภูเวียง
ภาค 11	ขอนแก่น	ขอนแก่น 2	ภูผาม่าน
ภาค 11	ขอนแก่น	ขอนแก่น 2	หนองสองห้อง
ภาค 11	ขอนแก่น	ขอนแก่น 2	สีชมพู
ภาค 11	ขอนแก่น	ขอนแก่น 2	หนองเรือ
ภาค 11	ชัยภูมิ	ชัยภูมิ	ชัยภูมิ
ภาค 11	ชัยภูมิ	ชัยภูมิ	ภูเขียว
ภาค 11	ชัยภูมิ	ชัยภูมิ	จัตุรัส
ภาค 11	ชัยภูมิ	ชัยภูมิ	แก้งคร้อ
ภาค 11	ชัยภูมิ	ชัยภูมิ	เกษตรสมบูรณ์
ภาค 11	ชัยภูมิ	ชัยภูมิ	หนองบัวแดง
ภาค 11	ชัยภูมิ	ชัยภูมิ	ห้าแยกโนนไฮ
ภาค 11	ชัยภูมิ	ชัยภูมิ	คอนสวรรค์
ภาค 11	ชัยภูมิ	ชัยภูมิ	หนองบัวระเหว
ภาค 11	ชัยภูมิ	ชัยภูมิ	เทพสถิต
ภาค 11	ชัยภูมิ	ชัยภูมิ	บำเหน็จณรงค์
ภาค 11	ชัยภูมิ	ชัยภูมิ	บ้านเขว้า
ภาค 11	มหาสารคาม	มหาสารคาม	มหาสารคาม
ภาค 11	มหาสารคาม	มหาสารคาม	โกสุมพิสัย
ภาค 11	มหาสารคาม	มหาสารคาม	บรบือ
ภาค 11	มหาสารคาม	มหาสารคาม	วาปีปทุม
ภาค 11	มหาสารคาม	มหาสารคาม	พยัคฆภูมิพิสัย
ภาค 11	มหาสารคาม	มหาสารคาม	เชียงยืน
ภาค 11	มหาสารคาม	มหาสารคาม	ท่าขอนยาง
ภาค 11	มหาสารคาม	มหาสารคาม	นาเชือก
ภาค 11	มหาสารคาม	มหาสารคาม	เสริมไทยคอมเพล็กซ์
ภาค 11	ร้อยเอ็ด	ร้อยเอ็ด	ร้อยเอ็ด
ภาค 11	ร้อยเอ็ด	ร้อยเอ็ด	สุวรรณภูมิ
ภาค 11	ร้อยเอ็ด	ร้อยเอ็ด	โพนทอง
ภาค 11	ร้อยเอ็ด	ร้อยเอ็ด	เกษตรวิสัย
ภาค 11	ร้อยเอ็ด	ร้อยเอ็ด	เสลภูมิ
ภาค 11	ร้อยเอ็ด	ร้อยเอ็ด	จตุรพักตรพิมาน
ภาค 11	ร้อยเอ็ด	ร้อยเอ็ด	พนมไพร
ภาค 11	ร้อยเอ็ด	ร้อยเอ็ด	อาจสามารถ
ภาค 11	ร้อยเอ็ด	ร้อยเอ็ด	เทวาภิบาล
ภาค 11	ร้อยเอ็ด	ร้อยเอ็ด	ปทุมรัตต์
ภาค 11	ร้อยเอ็ด	ร้อยเอ็ด	โพธิ์ชัย
ภาค 11	ร้อยเอ็ด	ร้อยเอ็ด	หนองพอก
ภาค 11	ร้อยเอ็ด	ร้อยเอ็ด	สี่แยกโรงพยาบาลร้อยเอ็ด
ภาค 11	ร้อยเอ็ด	ร้อยเอ็ด	โรบินสัน ร้อยเอ็ด
ภาค 12	บุรีรัมย์	บุรีรัมย์	บุรีรัมย์
ภาค 12	บุรีรัมย์	บุรีรัมย์	นางรอง
ภาค 12	บุรีรัมย์	บุรีรัมย์	ลำปลายมาศ
ภาค 12	บุรีรัมย์	บุรีรัมย์	ประโคนชัย
ภาค 12	บุรีรัมย์	บุรีรัมย์	สตึก
ภาค 12	บุรีรัมย์	บุรีรัมย์	พุทไธสง
ภาค 12	บุรีรัมย์	บุรีรัมย์	กระสัง
ภาค 12	บุรีรัมย์	บุรีรัมย์	หนองกี่
ภาค 12	บุรีรัมย์	บุรีรัมย์	ทวีกิจ
ภาค 12	บุรีรัมย์	บุรีรัมย์	บ้านกรวด
ภาค 12	บุรีรัมย์	บุรีรัมย์	ละหานทราย
ภาค 12	บุรีรัมย์	บุรีรัมย์	บ้านใหม่ไชยพจน์
ภาค 12	บุรีรัมย์	บุรีรัมย์	โรบินสัน บุรีรัมย์
ภาค 12	ยโสธร	ยโสธร	ยโสธร
ภาค 12	ยโสธร	ยโสธร	เลิงนกทา
ภาค 12	ยโสธร	ยโสธร	กุดชุม
ภาค 12	ยโสธร	ยโสธร	คำเขื่อนแก้ว
ภาค 12	ยโสธร	ยโสธร	มหาชนะชัย
ภาค 12	อำนาจเจริญ	ยโสธร	อำนาจเจริญ
ภาค 12	อำนาจเจริญ	ยโสธร	ปทุมราชวงศา
ภาค 12	อำนาจเจริญ	ยโสธร	ลืออำนาจ
ภาค 12	ยโสธร	ยโสธร	ถนนวิทยะธำรงค์
ภาค 12	ศรีสะเกษ	ศรีสะเกษ	ศรีสะเกษ
ภาค 12	ศรีสะเกษ	ศรีสะเกษ	กันทรลักษ์
ภาค 12	ศรีสะเกษ	ศรีสะเกษ	ราษีไศล
ภาค 12	ศรีสะเกษ	ศรีสะเกษ	กันทรารมย์
ภาค 12	ศรีสะเกษ	ศรีสะเกษ	ขุนหาญ
ภาค 12	ศรีสะเกษ	ศรีสะเกษ	ขุขันธ์
ภาค 12	ศรีสะเกษ	ศรีสะเกษ	อุทุมพรพิสัย
ภาค 12	ศรีสะเกษ	ศรีสะเกษ	ถนนเทพา
ภาค 12	สุรินทร์	สุรินทร์	สุรินทร์
ภาค 12	สุรินทร์	สุรินทร์	ศีขรภูมิ
ภาค 12	สุรินทร์	สุรินทร์	ท่าตูม
ภาค 12	สุรินทร์	สุรินทร์	รัตนบุรี
ภาค 12	สุรินทร์	สุรินทร์	ปราสาท
ภาค 12	สุรินทร์	สุรินทร์	สังขะ
ภาค 12	สุรินทร์	สุรินทร์	แยกหนองบัว 
ภาค 12	สุรินทร์	สุรินทร์	ชุมพลบุรี
ภาค 12	สุรินทร์	สุรินทร์	โรบินสัน สุรินทร์
ภาค 12	สุรินทร์	สุรินทร์	จอมพระ
ภาค 12	อุบลราชธานี	อุบลราชธานี 1	อุบลราชธานี
ภาค 12	อุบลราชธานี	อุบลราชธานี 1	เขมราฐ
ภาค 12	อุบลราชธานี	อุบลราชธานี 1	โพธิ์ไทร
ภาค 12	อุบลราชธานี	อุบลราชธานี 1	ตระการพืชผล
ภาค 12	อุบลราชธานี	อุบลราชธานี 1	ถนนยุทธภัณฑ์
ภาค 12	อุบลราชธานี	อุบลราชธานี 1	ศรีเมืองใหม่
ภาค 12	อุบลราชธานี	อุบลราชธานี 1	ม่วงสามสิบ
ภาค 12	อุบลราชธานี	อุบลราชธานี 1	ซิตี้มอลล์ อุบลราชธานี
ภาค 12	อุบลราชธานี	อุบลราชธานี 1	ถนนแจ้งสนิท
ภาค 12	อุบลราชธานี	อุบลราชธานี 1	เซ็นทรัล อุบลราชธานี
ภาค 12	อุบลราชธานี	อุบลราชธานี 1	กุดข้าวปุ้น
ภาค 12	อุบลราชธานี	อุบลราชธานี 2	พิบูลมังสาหาร
ภาค 12	อุบลราชธานี	อุบลราชธานี 2	วารินชำราบ
ภาค 12	อุบลราชธานี	อุบลราชธานี 2	เดชอุดม
ภาค 12	อุบลราชธานี	อุบลราชธานี 2	เขื่องใน
ภาค 12	อุบลราชธานี	อุบลราชธานี 2	นาจะหลวย
ภาค 12	อุบลราชธานี	อุบลราชธานี 2	น้ำยืน
ภาค 12	อุบลราชธานี	อุบลราชธานี 2	ถนนสถลมาร์ค
ภาค 12	อุบลราชธานี	อุบลราชธานี 2	โขงเจียม
ภาค 12	อุบลราชธานี	อุบลราชธานี 2	โนนผึ้ง
ภาค 12	อุบลราชธานี	อุบลราชธานี 2	ถนนสถิตย์นิมานกาล
ภาค 13	นครราชสีมา	นครราชสีมา 1	สุรนารี
ภาค 13	นครราชสีมา	นครราชสีมา 1	โชคชัย
ภาค 13	นครราชสีมา	นครราชสีมา 1	มุขมนตรี
ภาค 13	นครราชสีมา	นครราชสีมา 1	ครบุรี
ภาค 13	นครราชสีมา	นครราชสีมา 1	เดอะมอลล์ นครราชสีมา
ภาค 13	นครราชสีมา	นครราชสีมา 1	โคกกรวด
ภาค 13	นครราชสีมา	นครราชสีมา 1	เสิงสาง
ภาค 13	นครราชสีมา	นครราชสีมา 1	หนองบุญมาก
ภาค 13	นครราชสีมา	นครราชสีมา 1	ตลาดเซฟวัน
ภาค 13	นครราชสีมา	นครราชสีมา 1	เซ็นทรัล โคราช
ภาค 13	นครราชสีมา	นครราชสีมา 2	โนนสูง
ภาค 13	นครราชสีมา	นครราชสีมา 2	โนนไทย
ภาค 13	นครราชสีมา	นครราชสีมา 2	จักราช
ภาค 13	นครราชสีมา	นครราชสีมา 2	นครราชสีมา
ภาค 13	นครราชสีมา	นครราชสีมา 2	ถนนจอมพล
ภาค 13	นครราชสีมา	นครราชสีมา 2	ประตูชุมพล
ภาค 13	นครราชสีมา	นครราชสีมา 2	เทอมินอล21 โคราช
ภาค 13	นครราชสีมา	นครราชสีมา 1	บัวใหญ่
ภาค 13	นครราชสีมา	นครราชสีมา 2	พิมาย
ภาค 13	นครราชสีมา	นครราชสีมา 2	คง
ภาค 13	นครราชสีมา	นครราชสีมา 1	ชุมพวง
ภาค 13	นครราชสีมา	นครราชสีมา 1	ประทาย
ภาค 13	นครราชสีมา	นครราชสีมา 2	แก้งสนามนาง
ภาค 13	นครราชสีมา	นครราชสีมา 2	ห้วยแถลง
ภาค 13	นครราชสีมา	นครราชสีมา 2	บัวลาย
ภาค 13	นครราชสีมา	นครราชสีมา 3	สูงเนิน
ภาค 13	นครราชสีมา	นครราชสีมา 3	ปากช่อง
ภาค 13	นครราชสีมา	นครราชสีมา 3	ปักธงชัย
ภาค 13	นครราชสีมา	นครราชสีมา 3	สีคิ้ว
ภาค 13	นครราชสีมา	นครราชสีมา 3	ด่านขุนทด
ภาค 13	นครราชสีมา	นครราชสีมา 3	ธนะรัชต์ เขาใหญ่
ภาค 13	นครราชสีมา	นครราชสีมา 3	โลตัส ปากช่อง
ภาค 13	นครราชสีมา	นครราชสีมา 3	กลางดง
ภาค 13	นครราชสีมา	นครราชสีมา 3	วังน้ำเขียว
ภาค 13	ปราจีนบุรี	ปราจีนบุรี	ปราจีนบุรี
ภาค 13	ปราจีนบุรี	ปราจีนบุรี	กบินทร์บุรี
ภาค 13	ปราจีนบุรี	ปราจีนบุรี	ประจันตคาม
ภาค 13	ปราจีนบุรี	ปราจีนบุรี	สี่แยกกบินทร์บุรี
ภาค 13	ปราจีนบุรี	ปราจีนบุรี	ศรีมหาโพธิ
ภาค 13	ปราจีนบุรี	ปราจีนบุรี	นิคมอุตสาหกรรม 304
ภาค 13	ปราจีนบุรี	ปราจีนบุรี	โคกอุดม
ภาค 13	ปราจีนบุรี	ปราจีนบุรี	โรบินสัน ปราจีนบุรี
ภาค 13	นครนายก	ปราจีนบุรี	นครนายก
ภาค 13	นครนายก	ปราจีนบุรี	บ้านนา
ภาค 13	นครนายก	ปราจีนบุรี	องครักษ์
ภาค 13	สระแก้ว	สระแก้ว	สระแก้ว
ภาค 13	สระแก้ว	สระแก้ว	อรัญประเทศ
ภาค 13	สระแก้ว	สระแก้ว	วังน้ำเย็น
ภาค 13	สระแก้ว	สระแก้ว	วัฒนานคร
ภาค 13	สระแก้ว	สระแก้ว	ตลาดโรงเกลือ
ภาค 13	สระแก้ว	สระแก้ว	วังสมบูรณ์
ภาค 14	ปทุมธานี	ปทุมธานี 1	ปทุมธานี
ภาค 14	ปทุมธานี	ปทุมธานี 1	รังสิต
ภาค 14	ปทุมธานี	ปทุมธานี 1	ลาดหลุมแก้ว
ภาค 14	ปทุมธานี	ปทุมธานี 1	นวนคร
ภาค 14	ปทุมธานี	ปทุมธานี 1	หมู่บ้านเมืองเอก
ภาค 14	ปทุมธานี	ปทุมธานี 1	ทียูโดม รังสิต
ภาค 14	ปทุมธานี	ปทุมธานี 1	ตลาดพูนทรัพย์
ภาค 14	ปทุมธานี	ปทุมธานี 1	สามโคก
ภาค 14	ปทุมธานี	ปทุมธานี 1	ตลาดไท
ภาค 14	ปทุมธานี	ปทุมธานี 2	ลำลูกกา
ภาค 14	ปทุมธานี	ปทุมธานี 2	คลองหลวง
ภาค 14	ปทุมธานี	ปทุมธานี 2	คลอง 10 ธัญบุรี
ภาค 14	ปทุมธานี	ปทุมธานี 2	เมเจอร์ รังสิต
ภาค 14	ปทุมธานี	ปทุมธานี 2	สัมมากร เพลส รังสิต คลอง 2
ภาค 14	ปทุมธานี	ปทุมธานี 2	ฟิวเจอร์พาร์ค รังสิต
ภาค 14	ปทุมธานี	ปทุมธานี 2	ลำไทร
ภาค 14	ปทุมธานี	ปทุมธานี 2	โลตัส รังสิตคลอง 7
ภาค 14	ปทุมธานี	ปทุมธานี 2	บิ๊กซี ลำลูกกา 2
ภาค 14	ปทุมธานี	ปทุมธานี 2	บิ๊กซี ลำลูกกา 1
ภาค 14	ปทุมธานี	ปทุมธานี 2	ฟิวเจอร์พาร์ค  (ฟิวเจอร์พาร์ค รังสิต)
ภาค 14	พระนครศรีอยุธยา 	พระนครศรีอยุธยา 1	ท่าเรือ (อยุธยา)
ภาค 14	พระนครศรีอยุธยา 	พระนครศรีอยุธยา 1	ภาชี
ภาค 14	พระนครศรีอยุธยา 	พระนครศรีอยุธยา 1	อุทัย
ภาค 14	พระนครศรีอยุธยา 	พระนครศรีอยุธยา 1	บางปะอิน
ภาค 14	พระนครศรีอยุธยา 	พระนครศรีอยุธยา 1	นครหลวง
ภาค 14	พระนครศรีอยุธยา 	พระนครศรีอยุธยา 1	วังน้อย
ภาค 14	พระนครศรีอยุธยา 	พระนครศรีอยุธยา 1	ประตูน้ำพระอินทร์
ภาค 14	พระนครศรีอยุธยา 	พระนครศรีอยุธยา 1	คลองสวนพลู
ภาค 14	พระนครศรีอยุธยา 	พระนครศรีอยุธยา 1	อยุธยาพาร์ค
ภาค 14	พระนครศรีอยุธยา 	พระนครศรีอยุธยา 1	นิคมอุตสาหกรรมบางปะอิน
ภาค 14	พระนครศรีอยุธยา 	พระนครศรีอยุธยา 2	พระนครศรีอยุธยา
ภาค 14	พระนครศรีอยุธยา 	พระนครศรีอยุธยา 2	เสนา
ภาค 14	พระนครศรีอยุธยา 	พระนครศรีอยุธยา 2	ผักไห่
ภาค 14	พระนครศรีอยุธยา 	พระนครศรีอยุธยา 2	บ้านแพรก
ภาค 14	พระนครศรีอยุธยา 	พระนครศรีอยุธยา 2	มหาราช
ภาค 14	พระนครศรีอยุธยา 	พระนครศรีอยุธยา 2	บางปะหัน
ภาค 14	พระนครศรีอยุธยา 	พระนครศรีอยุธยา 2	ลาดบัวหลวง
ภาค 14	พระนครศรีอยุธยา 	พระนครศรีอยุธยา 2	เจ้าพรหม
ภาค 14	พระนครศรีอยุธยา 	พระนครศรีอยุธยา 2	สวนอุตสาหกรรมโรจนะ
ภาค 14	สระบุรี	สระบุรี	สระบุรี
ภาค 14	สระบุรี	สระบุรี	พระพุทธบาท
ภาค 14	สระบุรี	สระบุรี	แก่งคอย
ภาค 14	สระบุรี	สระบุรี	หนองแค
ภาค 14	สระบุรี	สระบุรี	บ้านหมอ
ภาค 14	สระบุรี	สระบุรี	มวกเหล็ก
ภาค 14	สระบุรี	สระบุรี	วิหารแดง
ภาค 14	สระบุรี	สระบุรี	เสาไห้
ภาค 14	สระบุรี	สระบุรี	สุขอนันต์ปาร์ค
ภาค 14	สระบุรี	สระบุรี	วังม่วง
ภาค 14	สระบุรี	สระบุรี	หินกอง
ภาค 14	สระบุรี	สระบุรี	โรบินสัน สระบุรี
ภาค 14	อ่างทอง	อ่างทอง	อ่างทอง
ภาค 14	อ่างทอง	อ่างทอง	วิเศษชัยชาญ
ภาค 14	อ่างทอง	อ่างทอง	โพธิ์ทอง
ภาค 14	อ่างทอง	อ่างทอง	ป่าโมก
ภาค 14	สิงห์บุรี	อ่างทอง	สิงห์บุรี
ภาค 14	สิงห์บุรี	อ่างทอง	อินทร์บุรี
ภาค 14	สิงห์บุรี	อ่างทอง	บางระจัน
ภาค 14	สิงห์บุรี	อ่างทอง	ท่าช้าง
ภาค 14	สิงห์บุรี	อ่างทอง	ท็อปส์ พลาซ่า สิงห์บุรี
ภาค 15	จันทบุรี	จันทบุรี	เขาคิชฌกูฏ
ภาค 15	ตราด	จันทบุรี	เกาะช้าง 
ภาค 15	ตราด	จันทบุรี	คลองใหญ่
ภาค 15	ตราด	จันทบุรี	ชัยมงคล - ตราด
ภาค 15	ตราด	จันทบุรี	เกาะกูด (ชัยมงคล-ตราด)
ภาค 15	จันทบุรี	จันทบุรี	เรนโบว์ พลาซา จันทบุรี
ภาค 15	จันทบุรี	จันทบุรี	จันทบุรี
ภาค 15	จันทบุรี	จันทบุรี	ท่าใหม่
ภาค 15	จันทบุรี	จันทบุรี	ถนนท่าแฉลบ
ภาค 15	ตราด	จันทบุรี	ตราด
ภาค 15	จันทบุรี	จันทบุรี	ขลุง
ภาค 15	จันทบุรี	จันทบุรี	สอยดาว
ภาค 15	จันทบุรี	จันทบุรี	ห้วยสะท้อน
ภาค 15	จันทบุรี	จันทบุรี	ตลาดเทศบาล 2
ภาค 15	ตราด	จันทบุรี	เขาสมิง
ภาค 15	ฉะเชิงเทรา	ฉะเชิงเทรา	บางน้ำเปรี้ยว
ภาค 15	ฉะเชิงเทรา	ฉะเชิงเทรา	สนามชัยเขต
ภาค 15	ฉะเชิงเทรา	ฉะเชิงเทรา	ฉะเชิงเทรา
ภาค 15	ฉะเชิงเทรา	ฉะเชิงเทรา	บางปะกง
ภาค 15	ฉะเชิงเทรา	ฉะเชิงเทรา	พนมสารคาม
ภาค 15	ฉะเชิงเทรา	ฉะเชิงเทรา	บางคล้า
ภาค 15	ฉะเชิงเทรา	ฉะเชิงเทรา	ถนนมหาจักรพรรดิ์
ภาค 15	ฉะเชิงเทรา	ฉะเชิงเทรา	โรบินสัน ฉะเชิงเทรา
ภาค 15	ชลบุรี	ชลบุรี 1	ศรีราชา
ภาค 15	ชลบุรี	ชลบุรี 1	ถนนพระยาสัจจา
ภาค 15	ชลบุรี	ชลบุรี 1	บางทราย
ภาค 15	ชลบุรี	ชลบุรี 1	ชลบุรี
ภาค 15	ชลบุรี	ชลบุรี 1	หนองมน
ภาค 15	ชลบุรี	ชลบุรี 1	ถนนสุขประยูร
ภาค 15	ชลบุรี	ชลบุรี 1	แปซิฟิค พาร์ค ศรีราชา
ภาค 15	ชลบุรี	ชลบุรี 1	เซ็นทรัล ชลบุรี
ภาค 15	ชลบุรี	ชลบุรี 1	ฮาร์เบอร์ มอลล์ แหลมฉบัง
ภาค 15	ชลบุรี	ชลบุรี 1	Exim Bank แหลมฉบัง (ศรีราชา)
ภาค 15	ชลบุรี	ชลบุรี 2	ถนนทัพพระยา
ภาค 15	ชลบุรี	ชลบุรี 2	บางละมุง
ภาค 15	ชลบุรี	ชลบุรี 2	เมืองพัทยา
ภาค 15	ชลบุรี	ชลบุรี 2	พัทยาใต้
ภาค 15	ชลบุรี	ชลบุรี 2	โพธิสัมพันธ์
ภาค 15	ชลบุรี	ชลบุรี 2	เซ็นทรัล พัทยา
ภาค 15	ชลบุรี	ชลบุรี 2	บิ๊กซี พัทยาใต้
ภาค 15	ชลบุรี	ชลบุรี 3	เกาะโพธิ์
ภาค 15	ชลบุรี	ชลบุรี 3	นิคมอุตสาหกรรมอมตะนคร
ภาค 15	ชลบุรี	ชลบุรี 3	พนัสนิคม
ภาค 15	ชลบุรี	ชลบุรี 3	บ้านบึง
ภาค 15	ชลบุรี	ชลบุรี 3	พานทอง
ภาค 15	ชลบุรี	ชลบุรี 3	หัวกุญแจ
ภาค 15	ชลบุรี	ชลบุรี 3	ดอนหัวฬ่อ
ภาค 15	ชลบุรี	ชลบุรี 4	เนินพลับหวาน
ภาค 15	ชลบุรี	ชลบุรี 4	บุญสัมพันธ์
ภาค 15	ชลบุรี	ชลบุรี 4	สุขุมวิท - สัตหีบ
ภาค 15	ชลบุรี	ชลบุรี 4	สยามคันทรีคลับ
ภาค 15	ชลบุรี	ชลบุรี 4	สัตหีบ
ภาค 15	ชลบุรี	ชลบุรี 4	สวนอุตสาหกรรมศรีราชา
ภาค 15	ชลบุรี	ชลบุรี 4	ตลาดบ้านอำเภอ
ภาค 15	ชลบุรี	ชลบุรี 4	บ่อวิน
ภาค 15	ระยอง	ระยอง	ระยอง
ภาค 15	ระยอง	ระยอง	มาบตาพุด
ภาค 15	ระยอง	ระยอง	เนินพระ
ภาค 15	ระยอง	ระยอง	บ้านค่าย
ภาค 15	ระยอง	ระยอง	แกลง
ภาค 15	ระยอง	ระยอง	บ้านฉาง
ภาค 15	ระยอง	ระยอง	เพ
ภาค 15	ระยอง	ระยอง	ปลวกแดง
ภาค 15	ระยอง	ระยอง	แพชชั่น ช้อปปิ้ง เดสติเนชั่น
ภาค 15	ระยอง	ระยอง	นิคมพัฒนา ระยอง
ภาค 15	ระยอง	ระยอง	เซ็นทรัล ระยอง
ภาค 15	สมุทรปราการ	สมุทรปราการ 1	โรบินสัน สมุทรปราการ
ภาค 15	สมุทรปราการ	สมุทรปราการ 1	นิคมอุตสาหกรรมบางพลี
ภาค 15	สมุทรปราการ	สมุทรปราการ 1	สมุทรปราการ
ภาค 15	สมุทรปราการ	สมุทรปราการ 1	บางพลี
ภาค 15	สมุทรปราการ	สมุทรปราการ 1	บางบ่อ
ภาค 15	สมุทรปราการ	สมุทรปราการ 1	คลองด่าน
ภาค 15	สมุทรปราการ	สมุทรปราการ 1	ถนนกิ่งแก้ว-สุวรรณภูมิ
ภาค 15	สมุทรปราการ	สมุทรปราการ 1	เมืองสมุทร
ภาค 15	สมุทรปราการ	สมุทรปราการ 1	นิคมอุตสาหกรรมบางปู
ภาค 15	สมุทรปราการ	สมุทรปราการ 1	เมกาบางนา
ภาค 15	สมุทรปราการ	สมุทรปราการ 1	บิ๊กซี ศรีนครินทร์
ภาค 15	สมุทรปราการ	สมุทรปราการ 1	มาร์เก็ตวิลเลจ สุวรรณภูมิ
ภาค 15	สมุทรปราการ	สมุทรปราการ 1	เทศบาลแพรกษา (นิคมอุตสาหกรรมบางปู)
ภาค 15	สมุทรปราการ	สมุทรปราการ 2	บิ๊กซี สำโรง 2
ภาค 15	สมุทรปราการ	สมุทรปราการ 2	สำโรง
ภาค 15	สมุทรปราการ	สมุทรปราการ 2	พระประแดง
ภาค 15	สมุทรปราการ	สมุทรปราการ 2	สุขสวัสดิ์
ภาค 15	สมุทรปราการ	สมุทรปราการ 2	ปู่เจ้าสมิงพราย
ภาค 15	สมุทรปราการ	สมุทรปราการ 2	อิมพีเรียล เวิลด์ สำโรง 
ภาค 15	สมุทรปราการ	สมุทรปราการ 2	พระสมุทรเจดีย์
ภาค 15	สมุทรปราการ	สมุทรปราการ 2	บิ๊กซี สุขสวัสดิ์
ภาค 16	ชุมพร	ชุมพร 1	ชุมพร
ภาค 16	ชุมพร	ชุมพร 1	ท่าแซะ
ภาค 16	ชุมพร	ชุมพร 1	ปากน้ำชุมพร
ภาค 16	ชุมพร	ชุมพร 1	ปะทิว
ภาค 16	ชุมพร	ชุมพร 1	มาบอำมฤต
ภาค 16	ชุมพร	ชุมพร 1	ศูนย์การค้าโอเชี่ยนคอมเพล็กซ์ ชุมพร
ภาค 16	ชุมพร	ชุมพร 2	สวี
ภาค 16	ชุมพร	ชุมพร 2	หลังสวน
ภาค 16	ชุมพร	ชุมพร 2	ปฐมพร
ภาค 16	ชุมพร	ชุมพร 2	ทุ่งตะโก
ภาค 16	ชุมพร	ชุมพร 2	ละแม
ภาค 16	ชุมพร	ชุมพร 2	พะโต๊ะ
ภาค 16	ระนอง	ชุมพร 1	ระนอง
ภาค 16	ระนอง	ชุมพร 1	กระบุรี
ภาค 16	ระนอง	ชุมพร 1	ถนนเรืองราษฎร์
ภาค 16	ระนอง	ชุมพร 1	สุขสำราญ
ภาค 16	พังงา	พังงา	พังงา
ภาค 16	พังงา	พังงา	โคกกลอย
ภาค 16	พังงา	พังงา	ท้ายเหมือง
ภาค 16	พังงา	พังงา	คุระบุรี
ภาค 16	พังงา	พังงา	ทับปุด
ภาค 16	พังงา	พังงา	ย่านยาว
ภาค 16	พังงา	พังงา	เขาหลัก
ภาค 16	พังงา	พังงา	เกาะยาว
ภาค 16	พังงา	พังงา	ตะกั่วป่า (ย่านยาว)
ภาค 16	ภูเก็ต	ภูเก็ต	ภูเก็ต
ภาค 16	ภูเก็ต	ภูเก็ต	ป่าตอง
ภาค 16	ภูเก็ต	ภูเก็ต	ถลาง
ภาค 16	ภูเก็ต	ภูเก็ต	ห้าแยกฉลอง
ภาค 16	ภูเก็ต	ภูเก็ต	เชิงทะเล
ภาค 16	ภูเก็ต	ภูเก็ต	สามกอง
ภาค 16	ภูเก็ต	ภูเก็ต	เซ็นทรัลภูเก็ต เฟสติวัล
ภาค 16	ภูเก็ต	ภูเก็ต	ถนนเทพกระษัตรี
ภาค 16	ภูเก็ต	ภูเก็ต	กะทู้
ภาค 16	ภูเก็ต	ภูเก็ต	ถนนพูนผล
ภาค 16	ภูเก็ต	ภูเก็ต	สี่แยกท่าเรือ
ภาค 16	ภูเก็ต	ภูเก็ต	กะรน
ภาค 16	ภูเก็ต	ภูเก็ต	เทศบาลวิชิต (ภูเก็ต)
ภาค 16	สุราษฎร์ธานี	สุราษฎร์ธานี 1	สุราษฎร์ธานี
ภาค 16	สุราษฎร์ธานี	สุราษฎร์ธานี 1	บ้านนาสาร
ภาค 16	สุราษฎร์ธานี	สุราษฎร์ธานี 1	เกาะสมุย
ภาค 16	สุราษฎร์ธานี	สุราษฎร์ธานี 1	กาญจนดิษฐ์
ภาค 16	สุราษฎร์ธานี	สุราษฎร์ธานี 1	เวียงสระ
ภาค 16	สุราษฎร์ธานี	สุราษฎร์ธานี 1	ดอนสัก
ภาค 16	สุราษฎร์ธานี	สุราษฎร์ธานี 1	ถนนราษฎร์อุทิศ
ภาค 16	สุราษฎร์ธานี	สุราษฎร์ธานี 1	บ่อผุด
ภาค 16	สุราษฎร์ธานี	สุราษฎร์ธานี 1	เซ็นทรัล สมุย
ภาค 16	สุราษฎร์ธานี	สุราษฎร์ธานี 1	เกาะพะงัน
ภาค 16	สุราษฎร์ธานี	สุราษฎร์ธานี 1	ขุนทะเล
ภาค 16	สุราษฎร์ธานี	สุราษฎร์ธานี 1	บ้านนาเดิม
ภาค 16	สุราษฎร์ธานี	สุราษฎร์ธานี 1	ละไม
ภาค 16	สุราษฎร์ธานี	สุราษฎร์ธานี 1	เซ็นทรัล สุราษฎร์ธานี
ภาค 16	สุราษฎร์ธานี	สุราษฎร์ธานี 1	ถนนกาญจนวิถี
ภาค 16	สุราษฎร์ธานี	สุราษฎร์ธานี 2	ไชยา
ภาค 16	สุราษฎร์ธานี	สุราษฎร์ธานี 2	พุนพิน
ภาค 16	สุราษฎร์ธานี	สุราษฎร์ธานี 2	พระแสง
ภาค 16	สุราษฎร์ธานี	สุราษฎร์ธานี 2	ท่าฉาง
ภาค 16	สุราษฎร์ธานี	สุราษฎร์ธานี 2	ท่าชนะ
ภาค 16	สุราษฎร์ธานี	สุราษฎร์ธานี 2	คีรีรัฐนิคม
ภาค 16	สุราษฎร์ธานี	สุราษฎร์ธานี 2	พนม
ภาค 16	สุราษฎร์ธานี	สุราษฎร์ธานี 2	เคียนซา
ภาค 16	สุราษฎร์ธานี	สุราษฎร์ธานี 2	บางสวรรค์
ภาค 16	สุราษฎร์ธานี	สุราษฎร์ธานี 2	วิภาวดี
ภาค 16	สุราษฎร์ธานี	สุราษฎร์ธานี 2	ชัยบุรี
ภาค 16	สุราษฎร์ธานี	สุราษฎร์ธานี 2	บ้านตาขุน
ภาค 17	กระบี่	กระบี่	กระบี่
ภาค 17	กระบี่	กระบี่	คลองท่อม
ภาค 17	กระบี่	กระบี่	อ่าวลึก
ภาค 17	กระบี่	กระบี่	เหนือคลอง
ภาค 17	กระบี่	กระบี่	เกาะลันตา
ภาค 17	กระบี่	กระบี่	อ่าวนาง
ภาค 17	กระบี่	กระบี่	ตลาดเก่า
ภาค 17	กระบี่	กระบี่	ลำทับ
ภาค 17	กระบี่	กระบี่	โลตัส กระบี่ 
ภาค 17	กระบี่	กระบี่	ปลายพระยา
ภาค 17	กระบี่	กระบี่	เขาพนม
ภาค 17	ตรัง	ตรัง	ตรัง
ภาค 17	ตรัง	ตรัง	ย่านตาขาว
ภาค 17	ตรัง	ตรัง	กันตัง
ภาค 17	ตรัง	ตรัง	ห้วยยอด
ภาค 17	ตรัง	ตรัง	โรบินสัน ตรัง
ภาค 17	ตรัง	ตรัง	ทุ่งยาว
ภาค 17	ตรัง	ตรัง	รัษฎา
ภาค 17	ตรัง	ตรัง	สนามกีฬา ตรัง
ภาค 17	นครศรีธรรมราช	นครศรีธรรมราช 1	นครศรีธรรมราช
ภาค 17	นครศรีธรรมราช	นครศรีธรรมราช 1	ปากพนัง
ภาค 17	นครศรีธรรมราช	นครศรีธรรมราช 1	สิชล
ภาค 17	นครศรีธรรมราช	นครศรีธรรมราช 1	ท่าศาลา
ภาค 17	นครศรีธรรมราช	นครศรีธรรมราช 1	เชียรใหญ่
ภาค 17	นครศรีธรรมราช	นครศรีธรรมราช 1	หัวไทร
ภาค 17	นครศรีธรรมราช	นครศรีธรรมราช 1	ขนอม
ภาค 17	นครศรีธรรมราช	นครศรีธรรมราช 1	ตลาดหัวอิฐ
ภาค 17	นครศรีธรรมราช	นครศรีธรรมราช 1	ลานสกา
ภาค 17	นครศรีธรรมราช	นครศรีธรรมราช 1	โรบินสัน นครศรีธรรมราช
ภาค 17	นครศรีธรรมราช	นครศรีธรรมราช 1	พรหมคีรี
ภาค 17	นครศรีธรรมราช	นครศรีธรรมราช 1	เซ็นทรัล นครศรีธรรมราช
ภาค 17	นครศรีธรรมราช	นครศรีธรรมราช 1	นาหลวง
ภาค 17	นครศรีธรรมราช	นครศรีธรรมราช 1	มหาวิทยาลัยวลัยลักษณ์ (ท่าศาลา)
ภาค 17	นครศรีธรรมราช	นครศรีธรรมราช 2	ทุ่งสง
ภาค 17	นครศรีธรรมราช	นครศรีธรรมราช 2	ร่อนพิบูลย์
ภาค 17	นครศรีธรรมราช	นครศรีธรรมราช 2	ฉวาง
ภาค 17	นครศรีธรรมราช	นครศรีธรรมราช 2	ชะอวด
ภาค 17	นครศรีธรรมราช	นครศรีธรรมราช 2	จันดี
ภาค 17	นครศรีธรรมราช	นครศรีธรรมราช 2	ทุ่งใหญ่
ภาค 17	นครศรีธรรมราช	นครศรีธรรมราช 2	ศูนย์การค้าไทยสมบูรณ์ทุ่งสง
ภาค 17	นครศรีธรรมราช	นครศรีธรรมราช 2	พิปูน
ภาค 17	นครศรีธรรมราช	นครศรีธรรมราช 2	ถ้ำพรรณรา
ภาค 17	นครศรีธรรมราช	นครศรีธรรมราช 2	บางขัน
ภาค 17	พัทลุง	พัทลุง	พัทลุง
ภาค 17	พัทลุง	พัทลุง	ปากพะยูน
ภาค 17	พัทลุง	พัทลุง	เขาชัยสน
ภาค 17	พัทลุง	พัทลุง	ควนขนุน
ภาค 17	พัทลุง	พัทลุง	ตะโหมด
ภาค 17	พัทลุง	พัทลุง	ป่าพะยอม
ภาค 17	พัทลุง	พัทลุง	ป่าบอน
ภาค 17	พัทลุง	พัทลุง	ถนนนิวาส
ภาค 17	พัทลุง	พัทลุง	ศรีนครินทร์ (พัทลุง)
ภาค 18	นราธิวาส	นราธิวาส	นราธิวาส
ภาค 18	นราธิวาส	นราธิวาส	สุไหงโก-ลก
ภาค 18	นราธิวาส	นราธิวาส	ตากใบ
ภาค 18	นราธิวาส	นราธิวาส	รือเสาะ
ภาค 18	นราธิวาส	นราธิวาส	ตันหยงมัส
ภาค 18	นราธิวาส	นราธิวาส	สุไหงปาดี
ภาค 18	นราธิวาส	นราธิวาส	สุคิริน 
ภาค 18	นราธิวาส	นราธิวาส	สุริยะประดิษฐ์
ภาค 18	ปัตตานี	ปัตตานี	ปัตตานี
ภาค 18	ปัตตานี	ปัตตานี	สายบุรี
ภาค 18	ปัตตานี	ปัตตานี	โคกโพธิ์
ภาค 18	ปัตตานี	ปัตตานี	ถนนหนองจิก ปัตตานี
ภาค 18	ยะลา	ปัตตานี	ยะลา
ภาค 18	ยะลา	ปัตตานี	เบตง
ภาค 18	ยะลา	ปัตตานี	บันนังสตา
ภาค 18	ยะลา	ปัตตานี	ยะหา
ภาค 18	ยะลา	ปัตตานี	ผังเมือง 4
ภาค 18	สงขลา	สงขลา 1	สงขลา
ภาค 18	สงขลา	สงขลา 1	ระโนด 
ภาค 18	สงขลา	สงขลา 1	สทิงพระ
ภาค 18	สงขลา	สงขลา 1	จะนะ
ภาค 18	สงขลา	สงขลา 1	เทพา
ภาค 18	สงขลา	สงขลา 1	นาทวี
ภาค 18	สงขลา	สงขลา 1	สะบ้าย้อย
ภาค 18	สงขลา	สงขลา 1	สิงหนคร
ภาค 18	สงขลา	สงขลา 1	โลตัส สงขลา
ภาค 18	สงขลา	สงขลา 1	คลองแงะ
ภาค 18	สงขลา	สงขลา 1	สะเดา
ภาค 18	สงขลา	สงขลา 1	ปาดังเบซาร์
ภาค 18	สงขลา	สงขลา 2	หาดใหญ่
ภาค 18	สงขลา	สงขลา 2	รัตภูมิ
ภาค 18	สงขลา	สงขลา 2	ศรีภูวนารถ
ภาค 18	สงขลา	สงขลา 2	หาดใหญ่ใน
ภาค 18	สงขลา	สงขลา 2	ควนเนียง
ภาค 18	สงขลา	สงขลา 2	ถนนลพบุรีราเมศวร์
ภาค 18	สงขลา	สงขลา 2	ราษฎร์อุทิศ หาดใหญ่
ภาค 18	สงขลา	สงขลา 2	บ้านพรุ
ภาค 18	สงขลา	สงขลา 2	เซ็นทรัล หาดใหญ่
ภาค 18	สงขลา	สงขลา 2	ถนนกองบิน 56 (หาดใหญ่)
ภาค 18	สงขลา	สงขลา 2	บิ๊กซี เอ็กซ์ตร้า หาดใหญ่
ภาค 18	สตูล	สงขลา 2	สตูล
ภาค 18	สตูล	สงขลา 2	ละงู
ภาค 18	สตูล	สงขลา 2	ท่าแพ (สตูล)
ภาค 18	ปัตตานี	ปัตตานี	กะพ้อ (สายบุรี)
ภาค 18	ปัตตานี	ปัตตานี	ทุ่งยางแดง (ถนนหนองจิก ปัตตานี)
ภาค 18	ยะลา	ปัตตานี	กรงปินัง (ผังเมือง 4)
ภาค 18	ยะลา	ปัตตานี	ธารโต (บันนังสตา)